Check ID,Chapter,Check,Field,Expectation,Origin,Meets the rule example,Review example,Prerequisite
CHK01,2,Name available,fire_name,A name value is present.,Analysis question Q4: show names when identifying records.,Oak,Missing name,None: absence itself can be checked.
CHK02,2,Containment date available,contained_date,A containment-date value is present.,Analysis question Q3: duration needs both dates.,2005-07-12 00:00:00,Missing containment date,None: absence itself can be checked.
CHK03,2,No exact repeated source rows,all eight source fields,Review rows whose complete values also occur in another row.,Reporting review: repetitions can change counts and totals.,A distinct eight-field row,Two rows with the same eight values,"None: complete rows can be compared, including their missing values."
CHK04,3,Name has no outside spaces,fire_name,A present name has no leading or trailing whitespace.,Classroom formatting convention for comparing labels.,Oak, Oak ,A name value is present.
CHK05,3,State code matches the reference list,state,"A present code is on the supplied 50-state, DC and PR list.",Classroom scope for this extract; source codes use postal abbreviations.,CA,ZZ or ca,A state value is present.
CHK06,3,Informative reported cause,fire_cause,The cause matches an informative label listed for this source edition.,Q2 needs a reported cause; Missing/Undefined is a valid label that lacks that information.,Lightning,Missing/Undefined or an unrecognised label,A cause value is present.
CHK07,3,Size supplies an ordinary number,fire_size,A present size converts to a number other than infinity.,Area comparison requires usable numerical values.,12.5 or -2 (readable),unknown or infinity,A size value is present.
CHK08,3,Year supplies an ordinary number,fire_year,A present year converts to a number other than infinity.,Year checks require usable numerical values.,2005 or 1998.5 (readable),unknown or infinity,A year value is present.
CHK09,3,Discovery value supplies a date,discovery_date,A present value converts using the teaching CSV timestamp format.,The original discovery date was exported as YYYY-MM-DD HH:MM:SS.,2005-07-10 00:00:00,2005-99-10 00:00:00,A discovery-date value is present.
CHK10,3,Containment value supplies a date,contained_date,A present value converts using the teaching CSV timestamp format.,The original containment date was exported as YYYY-MM-DD HH:MM:SS.,2005-07-12 00:00:00,not recorded,A containment-date value is present.
CHK11,4,Positive fire size,fire_size,An ordinary fire-size number is greater than zero.,Classroom plausibility rule for the source area-in-acres field.,0.1 acres,0 or -2 acres,An ordinary converted number is available.
CHK12,4,Whole year in the extract period,fire_year,An ordinary year number is whole and between 1992 and 2015 inclusive.,Fourth-edition source coverage and the meaning of a calendar year.,1998,1998.5 or 2020,An ordinary converted number is available.
CHK13,4,Containment is not before discovery,discovery_date; contained_date,"For a usable pair, containment is on or after discovery.",Chronological expectation for the duration question Q3.,Discovery 10 July; containment 12 July,Discovery 10 July; containment 9 July,Both converted dates are available.
CHK14,4,Reported and discovery years agree,fire_year; discovery_date,A valid reported year agrees with the calendar year of discovery.,Source meaning of FIRE_YEAR; review extract disagreements before correction.,Reported 2005; discovery 2005-07-10,Reported 2005; discovery 2004-07-10,A whole reported year in the extract period and a usable discovery date.
